c,m,peak_value,peak_time
0.5,0.3,0.2255364104652502,2.0
0.5,0.8,0.1861994776771959,2.0
0.5,1.3,0.1001884966489433,2.0
1.0,0.3,0.1654522658412167,2.0
1.0,0.8,0.2688309489304508,2.0
1.0,1.3,0.1158019402839861,2.0
1.5,0.3,0.1565829498437907,2.0
1.5,0.8,0.2237719399157258,2.0
1.5,1.3,0.1696032403087493,2.0
